degree,Mean,sd,Median,Min,Max,n,page_usage_per_person
bachelor,298.5584415584416,178.85597657174904,450,5,500,77,3.88
master,111.70833333333333,97.55652116949966,76,5,350,48,2.33
